t,PDE_TB,ODE_TB,Supermodel_TB,SuperNet_TB
0.0,0.04653238286132044,0.04653238286132044,0.04653238,0.04669027
0.04,0.045928082246620254,0.04574707358216706,0.04197068,0.07034968
0.08,0.04511043337756503,0.044760468167769615,0.03635886,0.040534914
0.12,0.04431798732606089,0.043808132243169096,0.030580858,0.024594022
0.16,0.0435498263570953,0.04288869521438575,0.02463675,0.023665844
0.2,0.042805071336855884,0.04200084780976531,0.020438336,0.025774969
0.24,0.04208287989162164,0.041143339072650234,0.022130677,0.02954909
0.28,0.041382444665507445,0.04031497351393801,0.023747945,0.03411767
0.32,0.04070299167110791,0.039514608415373936,0.025290506,0.038519606
0.36,0.04004377872748788,0.03874115127498786,0.026758736,0.04212831
0.4,0.03940409398033792,0.03799355738660892,0.02815301,0.044698015
0.44,0.03878325449945664,0.03727082754588314,0.029473701,0.046235695
0.48,0.03818060494903944,0.03657200587567723,0.030721193,0.04687217
0.52,0.037595516326548464,0.035896177764180984,0.031895865,0.046778724
0.56,0.037027384766211896,0.035242467909421996,0.032998104,0.046123847
0.6,0.03647563040345402,0.03461003846428206,0.0340283,0.045055717
0.64,0.03593969629679406,0.033998087276456125,0.034986835,0.043698803
0.68,0.03541904740396976,0.03340584621812419,0.035874106,0.042155072
0.72,0.03491316960924603,0.03283257960041475,0.036690503,0.040507168
0.76,0.03442156879905821,0.03227758266802766,0.03743642,0.0388221
0.8,0.03394376998331557,0.03174018016965501,0.038112253,0.037152886
0.84,0.033479316459855475,0.031219725000092825,0.038718402,0.035541713
0.88,0.033027769019691205,0.030715596910174427,0.03925527,0.034020886
0.92,0.03258870519083948,0.030227201280879985,0.039723255,0.032613322
0.96,0.03216171851864697,0.029753967958186356,0.040122766,0.031333983
1.0,0.031746417880659066,0.029295350145418217,0.0404542,0.030189572
1.04,0.031342426834190744,0.028850823350046354,0.040717978,0.029180048
1.08,0.030949382994867485,0.028419884382052528,0.040914487,0.0283007
1.12,0.030566937444506,0.028002050401143376,0.041044153,0.027539907
1.16,0.03019475416679899,0.02759685801024912,0.04110737,0.026882945
1.2,0.029832509509357473,0.027203862392886774,0.041104563,0.026313363
1.24,0.029479891670746862,0.026822636492103022,0.04103613,0.025812386
1.28,0.029136600211231163,0.026452770228839205,0.040902484,0.025361938
1.32,0.02880234558601258,0.026093869757680743,0.04070404,0.02494405
1.36,0.028476848699822095,0.0257455567580658,0.040441208,0.024545087
1.4000000000000001,0.02815984048178096,0.025407467759134262,0.040114395,0.024152337
1.44,0.02785106147951307,0.025079253496497804,0.039724022,0.023757307
1.48,0.02755026147154488,0.024760578299305835,0.039270498,0.023355214
1.52,0.027257199097082414,0.024451119506070665,0.038754236,0.022945447
1.56,0.02697164150230507,0.02415056690779855,0.03817564,0.022531284
1.6,0.02669336400236235,0.023858622217051942,0.037535127,0.022121755
1.6400000000000001,0.026422149758304266,0.023574998561642184,0.036833104,0.021729065
1.68,0.026157789468217167,0.02329942000172184,0.03606998,0.021369977
1.72,0.025900081071875986,0.02303162106911149,0.035246164,0.021066813
1.76,0.02564882946826043,0.022771346327758096,0.034362063,0.020844279
1.8,0.025403846245317524,0.022518349954280287,0.03341808,0.020731194
1.84,0.025164949421385106,0.02227239533761153,0.03241463,0.020755334
1.8800000000000001,0.024931963197721778,0.02203325469680391,0.0313521,0.02094297
1.92,0.024704717721617718,0.021800708716104712,0.030230904,0.02131456
1.96,0.02448304885958802,0.02157454619646429,0.02905144,0.021880163
2.0,0.024266797980175937,0.02135456372267769,0.027814105,0.022634892
2.04,0.02405581174591763,0.02114056534540378,0.026519295,0.023557303
2.08,0.02384994191404314,0.02093236227734499,0.025167404,0.024607597
2.12,0.023649045145509633,0.020729772602907506,0.023758825,0.025729207
2.16,0.02345298282198368,0.020532621000696888,0.022293946,0.02685502
2.2,0.023261620870408513,0.02034073847823711,0.020773154,0.027915953
2.24,0.023074829594810345,0.020153962118332144,0.019196834,0.028846918
2.2800000000000002,0.022892483515015362,0.019972134836518857,0.01756537,0.029596603
2.32,0.022714461211964982,0.019795105149087944,0.015879136,0.030129356
2.36,0.022540645179332693,0.019622726951175916,0.0141385095,0.030429488
2.4,0.022370921681160123,0.019454859304456413,0.012343865,0.030496223
2.44,0.022205180615244072,0.01929136623398247,0.01049557,0.030342763
2.48,0.022043315382018987,0.019132116533754122,0.008593991,0.029993353
2.52,0.021885222758692154,0.018976983580606642,0.0066394927,0.029475888
2.56,0.021730802778400164,0.018825845156034995,0.004632433,0.028820677
2.6,0.021579958614166776,0.018678583275589043,0.0025731677,0.028059034
2.64,0.021432596467452422,0.01853508402549205,0.0004620487,0.02721884
2.68,0.021288625461095837,0.018395237406152162,0.0,0.026326036
2.72,0.021147957536457738,0.018258937182252674,0.0,0.025403006
2.7600000000000002,0.02101050735458538,0.018126080739122304,0.0,0.02446886
2.8000000000000003,0.020876192201225323,0.017996568945101096,0.0,0.023539798
2.84,0.02074493189552,0.017870306019631597,0.0,0.022627817
2.88,0.020616648702231045,0.017747199406817765,0.0,0.021743516
2.92,0.020491267247340003,0.017627159654206657,0.0,0.020895155
2.96,0.020368714436883595,0.017510100296559666,0.0,0.020088395
3.0,0.020248919378887537,0.017395937744391205,0.0,0.019327654
3.04,0.019941246336264845,0.017186718793113547,0.0,0.01861537
3.08,0.019583782201358216,0.016932507592038598,0.0,0.017953975
3.12,0.019241257282604545,0.016688176186277326,0.0,0.017343612
3.16,0.018912929247422557,0.016453262904325396,0.0,0.016784357
3.2,0.018598097065646704,0.016227330331670193,0.0,0.016275683
3.24,0.018296098504110576,0.016009963926415963,0.0,0.015816936
3.2800000000000002,0.01800630778536261,0.01580077071954927,0.0,0.01540553
3.3200000000000003,0.01772813339894604,0.015599378094345435,0.0,0.015040537
3.36,0.01746101605455142,0.015405432639794416,0.0,0.014719976
3.4,0.01720442676715528,0.015218599073274684,0.0,0.014441395
3.44,0.016957865064998127,0.015038559228029044,0.0,0.014203073
3.48,0.01672085731193547,0.014865011101297858,0.0,0.01400215
3.52,0.01649295513632148,0.014697667959245568,0.0,0.013836568
3.56,0.01627373395916118,0.014536257495076515,0.0,0.013704417
3.6,0.01606279161479806,0.014380521036977997,0.0,0.013602762
3.64,0.015859747057892986,0.014230212802753134,0.0,0.013530275
3.68,0.015664239150901912,0.01408509919821508,0.0,0.013484465
3.72,0.015475925526675701,0.01394495815660835,0.0,0.013463492
3.7600000000000002,0.015294481521189954,0.013809578516503787,0.0,0.013465
3.8000000000000003,0.01511959917176751,0.013678759435781692,0.0,0.013488123
3.84,0.014950986276484151,0.013552309839474249,0.0,0.013529988
3.88,0.014788365510751262,0.013430047899383927,0.0,0.013589973
3.92,0.01463147359734955,0.013311800543530199,0.0,0.01366551
3.96,0.014480060526447215,0.01319740299360328,0.0,0.013756512
4.0,0.01433388882237628,0.013086698328721225,0.0,0.013860593
4.04,0.014192732854163082,0.012979537073896475,0.0,0.013976628
4.08,0.014056378187014936,0.012875776811720162,0.0,0.014103578
4.12,0.013924620972156044,0.012775281815867784,0.0,0.014240181
4.16,0.013797267372582793,0.012677922705118866,0.0,0.014385449
4.2,0.013674133022472798,0.012583576116666073,0.0,0.014538655
4.24,0.01355504251813455,0.01249212439756675,0.0,0.014698835
4.28,0.013439828938526119,0.012403455313262013,0.0,0.014865102
4.32,0.013328333393502576,0.012317461772156056,0.0,0.01503676
4.36,0.013220404598074222,0.012234041565311271,0.0,0.015212977
4.4,0.013115898471070963,0.012153097120373657,0.0,0.015393371
4.44,0.013014677756713802,0.012074535268897938,0.0,0.015576949
4.48,0.012916611667692547,0.011998267026293226,0.0,0.015763434
4.5200000000000005,0.012821575548440147,0.011924207383658045,0.0,0.015952183
4.5600000000000005,0.012729450557379044,0.011852275110818492,0.0,0.016142948
4.6000000000000005,0.012640123366994088,0.011782392569925243,0.0,0.01633499
4.64,0.012553485880660234,0.011714485539004496,0.0,0.01652815
4.68,0.012469434965221862,0.011648483044894567,0.0,0.016722167
4.72,0.012387872198384695,0.011584317205034406,0.0,0.016916228
4.76,0.012308703630040715,0.011521923077602402,0.0,0.01711079
4.8,0.012231839556702364,0.011461238519534038,0.0,0.017304713
4.84,0.012157194308273995,0.011402204051975224,0.0,0.017498238
4.88,0.012084686046437103,0.011344762732754542,0.0,0.017691435
4.92,0.012014236573971009,0.0112888600354825,0.0,0.01788337
4.96,0.01194577115437291,0.011234443734909028,0.0,0.018074399
5.0,0.011879218341180551,0.011181463798192352,0.0,0.018264337
5.04,0.011814509816437755,0.011129872281752703,0.0,0.018452795
5.08,0.011751580237777256,0.011079623233403514,0.0,0.018639667
5.12,0.01169036709362764,0.011030672599470732,0.0,0.018824918
5.16,0.011630810566081187,0.010982978136627719,0.0,0.019008556
5.2,0.011572853400987529,0.010936499328189037,0.0,0.019189673
5.24,0.011516440784864431,0.010891197304621252,0.0,0.019369384
5.28,0.011461520228241599,0.010847034768042874,0.0,0.019547066
5.32,0.011408041455076436,0.010803975920498605,0.0,0.019722657
5.36,0.01135595629790236,0.01076198639580536,0.0,0.019895652
5.4,0.011305218598390423,0.010721033194779156,0.0,0.020066826
5.44,0.011255784113023975,0.010681084623662702,0.0,0.02023589
5.48,0.011207610423603834,0.010642110235583849,0.0,0.020402351
5.5200000000000005,0.011160656852318094,0.010604080774884577,0.0,0.020566469
5.5600000000000005,0.01111488438112626,0.010566968124169233,0.0,0.020728381
5.6000000000000005,0.011070255575222114,0.010530745253929252,0.0,0.020887556
5.64,0.011026734510353305,0.01049538617460954,0.0,0.021045009
5.68,0.010984286703788664,0.010460865890989194,0.0,0.021199951
5.72,0.010942879048736247,0.010427160358756363,0.0,0.021352058
5.76,0.010902479752026507,0.010394246443163674,0.0,0.021502292
5.8,0.010863058274885554,0.010362101879656842,0.0,0.021649806
5.84,0.01082458527663361,0.010330705236375134,0.0,0.021794906
5.88,0.010787032561153015,0.01030003587842774,0.0,0.021937976
5.92,0.01075037302597905,0.010270073933855492,0.0,0.022078292
5.96,0.010714580613875133,0.01024080026119217,0.0,0.02221646
6.0,0.010679630266761742,0.010212196418544374,0.0,0.022351986
6.04,0.010605862415117798,0.010160179253691132,0.0,0.022485485
6.08,0.010521328601584924,0.010097666277446196,0.0,0.022616731
6.12,0.01043939499474154,0.010036813223397832,0.0,0.02274547
6.16,0.01035993408357058,0.009977551703297213,0.0,0.02287214
6.2,0.01028282622568251,0.009919816983045842,0.0,0.022996416
6.24,0.01020795910748047,0.009863547762568991,0.0,0.023118814
6.28,0.010135227244027429,0.009808685970008599,0.0,0.023238914
6.32,0.010064531515526574,0.009755176569246314,0.0,0.023356361
6.36,0.009995778737578623,0.009702967379839366,0.0,0.023472013
6.4,0.0099288812626109,0.00965200890851848,0.0,0.023585336
6.44,0.009863756610084245,0.009602254191458489,0.0,0.023696924
6.48,0.009800327123277124,0.009553658646589091,0.0,0.02380647
6.5200000000000005,0.009738519650623412,0.009506179935265712,0.0,0.023913873
6.5600000000000005,0.009678265249742258,0.009459777832669033,0.0,0.024019038
6.6000000000000005,0.009619498912446983,0.009414414106346629,0.0,0.024122624
6.640000000000001,0.009562159309156049,0.009370052402351775,0.0,0.024224116
6.68,0.009506188551253835,0.009326658138472948,0.0,0.024323741
6.72,0.009451531970063364,0.00928419840408318,0.0,0.024421526
6.76,0.009398137911198132,0.00924264186617144,0.0,0.024517389
6.8,0.00934595754315646,0.009201958681148798,0.0,0.024611363
6.84,0.009294944679110313,0.00916212041205041,0.0,0.024703907
6.88,0.009245055610921656,0.009123099950780724,0.0,0.02479442
6.92,0.009196248954494182,0.009084871445073566,0.0,0.024883425
6.96,0.009148485505636711,0.009047410229861394,0.0,0.024970746
7.0,0.009101728105677739,0.009010692762768979,0.0,0.025056655
7.04,0.009055941516128544,0.0089746965634662,0.0,0.025140697
7.08,0.009011092301745635,0.008939400156632665,0.0,0.025222743
7.12,0.00896714872139252,0.0089047830183037,0.0,0.025303965
7.16,0.008924080626145836,0.008870825525382748,0.0,0.025383474
7.2,0.008881859364132745,0.008837508908119712,0.0,0.025461467
7.24,0.008840457691624608,0.008804815205368233,0.0,0.02553801
7.28,0.008799849689947556,0.00877272722244733,0.0,0.02561303
7.32,0.008760010687803023,0.008741228491444505,0.0,0.02568671
7.36,0.00872091718862137,0.00871030323380819,0.0,0.02575898
7.4,0.008682546802599556,0.008679936325087458,0.0,0.025830513
7.44,0.008644878183099287,0.008650113261686257,0.0,0.025900105
7.48,0.00860789096710576,0.008620820129508192,0.0,0.025968408
7.5200000000000005,0.008571565719468906,0.00859204357437589,0.0,0.026035743
7.5600000000000005,0.008535883880669183,0.008563770774116576,0.0,0.026101759
7.6000000000000005,0.008500827717868586,0.00853598941221258,0.0,0.026166825
7.640000000000001,0.008466380279024719,0.00850868765292187,0.0,0.026230382
7.68,0.008432525349861705,0.008481854117780003,0.0,0.026292821
7.72,0.008399247413506408,0.00845547786340045,0.0,0.026354598
7.76,0.008366531612612015,0.008429548360495575,0.0,0.02641501
7.8,0.008334363713803687,0.008404055474045569,0.0,0.026474414
7.84,0.008302730074292521,0.00837898944454712,0.0,0.026532823
7.88,0.008271617610515003,0.00835434087027803,0.0,0.026590055
7.92,0.008241013768664972,0.008330100690517971,0.0,0.026646698
7.96,0.008210906496994526,0.008306260169669273,0.0,0.026702223
8.0,0.008181284219768702,0.008282810882225218,0.0,0.02675687
8.040000000000001,0.00815213581276691,0.008259744698536547,0.0,0.026810339
8.08,0.008123450580231301,0.008237053771329923,0.0,0.026863346
8.120000000000001,0.008095218233169206,0.008214730522935018,0.0,0.026915273
8.16,0.008067428868923076,0.008192767633179495,0.0,0.026966264
8.2,0.008040072951927242,0.008171158027913683,0.0,0.027016735
8.24,0.008013141295576318,0.008149894868129082,0.0,0.02706643
8.28,0.007986625045135086,0.008128971539637016,0.0,0.027115392
8.32,0.007960515661624468,0.008108381643275781,0.0,0.027163258
8.36,0.007934804906622598,0.008088118985616573,0.0,0.02721068
8.4,0.007909484827923932,0.008068177570140255,0.0,0.02725763
8.44,0.007884547746003334,0.008048551588858685,0.0,0.027303444
8.48,0.00785998624123542,0.008029235414355946,0.0,0.027348747
8.52,0.007835793141822789,0.008010223592226227,0.0,0.027393328
8.56,0.007811961512389843,0.007991510833886535,0.0,0.027437503
8.6,0.007788484643201632,0.007973092009743665,0.0,0.027480984
8.64,0.00776535603996993,0.00795496214269611,0.0,0.027524063
8.68,0.00774256941421111,0.00793711640195268,0.0,0.02756623
8.72,0.007720118674122686,0.007919550097150722,0.0,0.027607946
8.76,0.007697997915947585,0.007902258672757753,0.0,0.02764902
8.8,0.007676201415797105,0.00788523770274134,0.0,0.027690092
8.84,0.00765472362190546,0.007868482885492883,0.0,0.027730232
8.88,0.007633559147290459,0.007851990038991789,0.0,0.027770286
8.92,0.007612702762796545,0.007835755096197324,0.0,0.027809625
8.96,0.007592149390497869,0.007819774100656143,0.0,0.02784842
9.0,0.007571894097440507,0.007804043202314163,0.0,0.027886672
9.040000000000001,0.007532019093327033,0.007774214303451244,0.0,0.027925035
9.08,0.007486178637077613,0.007736299680844479,0.0,0.027962541
9.120000000000001,0.00744106116690331,0.007698965389960989,0.0,0.027999429
9.16,0.007396649256603505,0.0076621983024055705,0.0,0.028036354
9.200000000000001,0.0073529262213145735,0.007625985806192307,0.0,0.02807249
9.24,0.007309876071343662,0.007590315777025879,0.0,0.02810852
9.28,0.007267483469468652,0.007555176551485264,0.0,0.028144537
9.32,0.0072257336914189185,0.007520556901971643,0.0,0.028180031
9.36,0.007184612589276153,0.007486446013292876,0.0,0.028214863
9.4,0.007144106557557418,0.00745283346076684,0.0,0.028249754
9.44,0.007104202501762992,0.007419709189734865,0.0,0.02828425
9.48,0.007064887809190443,0.007387063496384841,0.0,0.028318582
9.52,0.007026150321833282,0.007354887009791192,0.0,0.02835246
9.56,0.006987978311198157,0.007323170675085904,0.0,0.02838589
9.6,0.006950360454888575,0.007291905737681317,0.0,0.028419046
9.64,0.0069132858148160635,0.0072610837284712675,0.0,0.028452588
9.68,0.006876743816911366,0.0072306964499427185,0.0,0.028485386
9.72,0.00684072423221894,0.007200735963135005,0.0,0.02851802
9.76,0.006805217159267791,0.007171194575388525,0.0,0.028550534
9.8,0.006770213007620554,0.007142064828828963,0.0,0.028582959
9.84,0.006735702482510805,0.007113339489537104,0.0,0.028615145
9.88,0.006701676570486057,0.007085011537357948,0.0,0.028646788
9.92,0.006668126525980581,0.007057074156306199,0.0,0.0286784
9.96,0.006635043858748451,0.007029520725528324,0.0,0.028710065
9.98,0.006618675205309968,0.0070158859737252995,0.0,0.028725369
